﻿<?xml version="1.0" encoding="UTF-8"?>
<!--Created:cb85b80c-f585-40ff-8bfc-12ff4d0e34a9-->
<OfficeApp xmlns="http://schemas.microsoft.com/office/appforoffice/1.1" xmlns:xsi="http://www.w3.org/2001/XMLSchema-instance" xsi:type="TaskPaneApp">
  <Id>9b42e040-8877-42ab-8d68-18babcba33c2</Id>
  <Version>1.0.0.0</Version>
  <ProviderName>Suman Saha</ProviderName>
  <DefaultLocale>en-US</DefaultLocale>
  <DisplayName DefaultValue="StopCodeAndPhraseApp - Secure" />
  <Description DefaultValue="StopCodeAndPhraseApp - Secure"/>
  <Hosts>
    <Host Name="Document" />
  </Hosts>
  <DefaultSettings>
    <SourceLocation DefaultValue="https://securestopcodeandphraseapp.azurewebsites.net/AddIn/Home/Home.html" />
  </DefaultSettings>
  <Permissions>ReadWriteDocument</Permissions>
</OfficeApp>
